Power plant,Net generation (MWh/year),Electricity fuel consumption (MMBtu/year)
AL_195_3_Natural Gas and Other Gases,8113887.0,57439850.0
AL_195_3_Coal,3678399.0,37026731.0
AL_195_26_Petroleum Products,127.0,3176.0
AL_195_26_Coal,2970438.0,30984960.0
AL_195_26_Natural Gas and Other Gases,1365413.0,15184965.0
AL_18642_46_Nuclear,31053552.0,323861005.0
LA_3265_51_Coal,942857.0,12064920.0
LA_3265_51_Natural Gas and Other Gases,134295.0,1739732.0
NE_40606_59_Petroleum Products,477.0,5495.0
NE_40606_59_Coal,421755.0,4838057.0
NE_8245_60_Petroleum Products,2215.0,32367.0
NE_8245_60_Coal,1297152.0,18856368.0
KS_18315_108_Natural Gas and Other Gases,14699.0,166789.0
KS_18315_108_Coal,1584872.0,17103560.0
AZ_803_113_Petroleum Products,1933.0,18469.0
AZ_803_113_Natural Gas and Other Gases,163.0,1649.0
AZ_803_113_Coal,1924451.0,19279682.0
AZ_803_117_Natural Gas and Other Gases,2196478.0,23938117.0
AZ_24211_126_Natural Gas and Other Gases,818629.0,8448652.0
SC_17543_130_Petroleum Products,33710.0,344222.0
SC_17543_130_Coal,7322978.0,74712350.0
FL_21554_136_Coal,6530071.0,66384983.0
FL_21554_136_Petroleum Products,20587.0,210995.0
AZ_16572_141_Petroleum Products,259.0,6363.0
AZ_16572_141_Natural Gas and Other Gases,124334.0,1440761.0
AZ_16572_147_Natural Gas and Other Gases,1406034.0,10348616.0
AZ_796_160_Natural Gas and Other Gases,1110096.0,12312962.0
AZ_796_160_Coal,885408.0,9767404.0
OK_7490_165_Natural Gas and Other Gases,1256682.0,13076672.0
OK_7490_165_Coal,1166579.0,16007290.0
IL_55951_204_Nuclear,8348706.0,87069596.0
KS_20893_210_Nuclear,8574732.0,89426849.0
TX_54888_298_Natural Gas and Other Gases,30235.0,339538.0
TX_54888_298_Coal,5671894.0,63159091.0
CA_17609_358_Natural Gas and Other Gases,2025784.0,16117148.0
WA_20160_371_Nuclear,8511288.0,88765185.0
CA_7294_377_Natural Gas and Other Gases,142738.0,1926946.0
CA_9216_389_Natural Gas and Other Gases,678012.0,8344165.0
CA_11208_408_Natural Gas and Other Gases,744063.0,8745541.0
CO_15466_469_Natural Gas and Other Gases,2077476.0,25674678.0
CO_15466_470_Natural Gas and Other Gases,238789.0,2495427.0
CO_15466_470_Coal,7936813.0,82342526.0
CO_3989_492_Natural Gas and Other Gases,344113.0,4216588.0
CO_3989_492_Coal,243562.0,3009319.0
CO_15466_525_Coal,2472124.0,26587144.0
CO_15466_525_Petroleum Products,850.0,9223.0
CO_15466_525_Natural Gas and Other Gases,1864.0,20137.0
AL_189_533_Petroleum Products,718.0,8074.0
AL_189_533_Natural Gas and Other Gases,2662819.0,30125410.0
CT_12490_562_Petroleum Products,3979.0,75710.0
CT_12490_562_Natural Gas and Other Gases,150873.0,1953445.0
FL_14610_564_Natural Gas and Other Gases,1984362.0,15629494.0
FL_14610_564_Coal,4188118.0,43873459.0
FL_14610_564_Gaseous Renewable (Biomass)  Fuels,54690.0,578241.0
DE_56609_593_Petroleum Products,3552.0,44074.0
DE_56609_593_Natural Gas and Other Gases,288904.0,3466578.0
DE_9332_594_Petroleum Products,8281.0,144183.0
DE_9332_594_Coal,276729.0,4541565.0
MD_60421_602_Coal,2437019.0,29111038.0
MD_60421_602_Petroleum Products,33786.0,421541.0
FL_6452_620_Natural Gas and Other Gases,5986050.0,65387124.0
FL_6452_621_Petroleum Products,4010.0,34778.0
FL_6452_621_Natural Gas and Other Gases,4517961.0,38836746.0
FL_6452_621_Nuclear,13904604.0,145012687.0
FL_6455_628_Natural Gas and Other Gases,11115050.0,75543456.0
FL_6455_628_Coal,5015523.0,53899969.0
FL_6455_628_Petroleum Products,26780.0,294012.0
FL_7801_641_Petroleum Products,49.0,588.0
FL_7801_641_Natural Gas and Other Gases,1559495.0,19029596.0
FL_7801_643_Natural Gas and Other Gases,4708261.0,32922115.0
FL_7801_643_Petroleum Products,137.0,3682.0
GA_7140_649_Nuclear,19786908.0,206359901.0
FL_6909_663_Petroleum Products,6144.0,77325.0
FL_6909_663_Natural Gas and Other Gases,562304.0,7289223.0
FL_6909_663_Coal,306946.0,3903911.0
FL_10623_676_Natural Gas and Other Gases,1372983.0,15558156.0
FL_10623_676_Petroleum Products,15.0,202.0
FL_10623_676_Coal,391540.0,4557505.0
FL_18445_688_Natural Gas and Other Gases,1410302.0,11401163.0
FL_18445_688_Petroleum Products,1497.0,17117.0
FL_18445_689_Natural Gas and Other Gases,860767.0,10418372.0
GA_7140_703_Coal,9432181.0,92743136.0
GA_7140_703_Petroleum Products,19926.0,201553.0
GA_7140_710_Natural Gas and Other Gases,18233977.0,127341674.0
GA_7140_710_Petroleum Products,975.0,10046.0
GA_7140_728_Natural Gas and Other Gases,1263668.0,14874485.0
IL_55951_869_Nuclear,14956680.0,155984906.0
IL_12384_879_Natural Gas and Other Gases,2756.0,34512.0
IL_12384_879_Coal,2698566.0,33204748.0
IL_5517_889_Petroleum Products,13803.0,147987.0
IL_5517_889_Coal,6871536.0,72908398.0
IL_17828_963_Coal,1215608.0,13463374.0
IL_17828_963_Natural Gas and Other Gases,9416.0,108745.0
IL_17632_976_Petroleum Products,1988.0,25727.0
IL_17632_976_Natural Gas and Other Gases,42051.0,545875.0
IL_17632_976_Coal,625346.0,8324005.0
IN_9273_990_Petroleum Products,1227.0,15519.0
IN_9273_990_Natural Gas and Other Gases,1536750.0,19158833.0
IN_9273_991_Natural Gas and Other Gases,932716.0,10414677.0
IN_9273_994_Petroleum Products,15812.0,171453.0
IN_9273_994_Coal,8289743.0,89071634.0
IN_13756_997_Coal,1463951.0,15843706.0
IN_13756_997_Natural Gas and Other Gases,21408.0,237743.0
IN_15470_1001_Petroleum Products,8449.0,88079.0
IN_15470_1001_Natural Gas and Other Gases,19216.0,243649.0
IN_15470_1001_Coal,4557098.0,46224716.0
IN_15470_1004_Coal,1796962.0,34122096.0
IN_15470_1004_Natural Gas and Other Gases,674278.0,12681985.0
IN_15470_1007_Natural Gas and Other Gases,1273956.0,10505717.0
IN_15470_1008_Coal,20129.0,304170.0
IN_15470_1008_Petroleum Products,5461.0,77004.0
IA_12341_1082_Petroleum Products,32165.0,325314.0
IA_12341_1082_Natural Gas and Other Gases,1350.0,13400.0
IA_12341_1082_Coal,6329334.0,63279964.0
IA_554_1122_Natural Gas and Other Gases,232154.0,2973468.0
IA_554_1122_Solid Renewable  Fuels,25292.0,325077.0
KS_18315_1233_Natural Gas and Other Gases,910.0,42134.0
KS_5860_1239_Natural Gas and Other Gases,873565.0,9750353.0
KS_5860_1239_Petroleum Products,2.0,53.0
KS_22500_1250_Natural Gas and Other Gases,24291.0,274566.0
KS_22500_1250_Coal,1864665.0,21023363.0
KS_18315_1336_Natural Gas and Other Gases,11441.0,225361.0
KY_22053_1353_Natural Gas and Other Gases,550541.0,5668700.0
KY_10171_1355_Petroleum Products,2514.0,32713.0
KY_10171_1355_Natural Gas and Other Gases,163952.0,2074052.0
KY_10171_1355_Solar,16527.0,146163.0
KY_10171_1355_Coal,930581.0,11169523.0
KY_10171_1356_Coal,10572509.0,113314220.0
KY_10171_1356_Petroleum Products,9819.0,105830.0
KY_11249_1363_Natural Gas and Other Gases,3005954.0,32611011.0
KY_11249_1364_Coal,7376486.0,77476933.0
KY_11249_1364_Natural Gas and Other Gases,27314.0,287477.0
KY_18642_1378_Natural Gas and Other Gases,6567652.0,44486417.0
KY_5580_1384_Coal,478043.0,5273286.0
KY_5580_1384_Petroleum Products,569.0,29892.0
LA_11241_1393_Petroleum Products,1431590.0,17669595.0
LA_11241_1393_Natural Gas and Other Gases,6296.0,77957.0
LA_11241_1393_Coal,1424173.0,17201318.0
LA_3265_1396_Natural Gas and Other Gases,2618812.0,20135869.0
LA_11241_1402_Natural Gas and Other Gases,604429.0,7640884.0
LA_17698_1416_Natural Gas and Other Gases,44546.0,561041.0
LA_17698_1417_Natural Gas and Other Gases,70828.0,816654.0
LA_11252_1464_Natural Gas and Other Gases,72157.0,927617.0
MD_19830_1564_Petroleum Products,1135.0,18053.0
MD_12653_1571_Petroleum Products,4339.0,78835.0
MD_12653_1571_Natural Gas and Other Gases,103144.0,1733154.0
MA_18488_1682_Petroleum Products,241.0,2962.0
MA_18488_1682_Natural Gas and Other Gases,9402.0,113385.0
MI_4254_1702_Coal,2818012.0,31109070.0
MI_4254_1702_Petroleum Products,17199.0,197288.0
MI_4254_1702_Natural Gas and Other Gases,246935.0,2852987.0
MI_56192_1715_Nuclear,7014799.0,73158132.0
MI_5109_1729_Nuclear,9369536.0,97715951.0
MI_5109_1740_Petroleum Products,323.0,6656.0
MI_5109_1740_Natural Gas and Other Gases,26351.0,654009.0
MI_5109_1743_Natural Gas and Other Gases,40995.0,466499.0
MI_5109_1743_Petroleum Products,12892.0,147303.0
MI_5109_1743_Coal,3166554.0,35404357.0
MI_5109_1745_Coal,1097871.0,12609794.0
MI_5109_1745_Petroleum Products,4183.0,89744.0
MI_56155_1832_Petroleum Products,410.0,4698.0
MI_56155_1832_Coal,698639.0,7917791.0
MN_12647_1893_Natural Gas and Other Gases,40396.0,436451.0
MN_12647_1893_Coal,5006189.0,54293990.0
MN_13781_1915_Coal,1305868.0,13409259.0
MN_13781_1922_Nuclear,5022858.0,52383954.0
MN_13781_1925_Nuclear,9099913.0,94904022.0
MS_12686_2049_Natural Gas and Other Gases,2155493.0,23269409.0
MS_17568_2070_Natural Gas and Other Gases,1314518.0,11385215.0
MO_56211_2098_Petroleum Products,4489.0,29245.0
MO_56211_2098_Natural Gas and Other Gases,4503.0,57251.0
MO_56211_2098_Coal,557.0,12067.0
MO_924_2167_Petroleum Products,4093.0,40544.0
MO_924_2167_Coal,5645176.0,55770033.0
MO_924_2168_Petroleum Products,3369.0,33281.0
MO_924_2168_Coal,8564890.0,84343541.0
NE_6779_2240_Natural Gas and Other Gases,19564.0,241308.0
NE_6779_2240_Solar,4321.0,38215.0
NE_6779_2240_Coal,466852.0,5483010.0
NE_13337_2277_Natural Gas and Other Gases,2224.0,26352.0
NE_13337_2277_Coal,842435.0,9920998.0
NV_13407_2322_Natural Gas and Other Gases,724876.0,9484069.0
NV_17166_2330_Natural Gas and Other Gases,510307.0,6090664.0
NV_17166_2336_Natural Gas and Other Gases,4206378.0,33771222.0
NJ_63033_2393_Natural Gas and Other Gases,55585.0,869088.0
NJ_63033_2393_Petroleum Products,603.0,9468.0
NJ_15147_2398_Natural Gas and Other Gases,1739847.0,13574265.0
NJ_15147_2406_Natural Gas and Other Gases,3538194.0,27028410.0
NJ_15147_2406_Petroleum Products,918.0,13479.0
NM_803_2442_Natural Gas and Other Gases,99239.0,1005641.0
NM_803_2442_Coal,7805118.0,78023445.0
NM_5701_2444_Natural Gas and Other Gases,727480.0,8536472.0
NM_17718_2446_Natural Gas and Other Gases,345187.0,3901784.0
NM_15473_2450_Natural Gas and Other Gases,105426.0,1608649.0
NM_15473_2451_Petroleum Products,23065.0,261928.0
NM_15473_2451_Coal,4731201.0,53810484.0
NM_17718_2454_Natural Gas and Other Gases,869264.0,9976692.0
NY_14294_2539_Natural Gas and Other Gases,5305298.0,36958403.0
NY_55951_2589_Nuclear,16206392.0,169018296.0
NC_3046_2706_Petroleum Products,41328.0,449182.0
NC_3046_2706_Natural Gas and Other Gases,2540360.0,25640814.0
NC_5416_2718_Coal,163751.0,2392989.0
NC_5416_2720_Natural Gas and Other Gases,4535375.0,31984248.0
NC_5416_2721_Coal,2074959.0,20174220.0
NC_5416_2721_Petroleum Products,9158.0,87980.0
NC_5416_2721_Natural Gas and Other Gases,2667068.0,26229187.0
NC_5416_2723_Natural Gas and Other Gases,4173444.0,29309394.0
NC_5416_2727_Coal,5334228.0,53571305.0
NC_5416_2727_Petroleum Products,5466.0,54706.0
NC_5416_2727_Natural Gas and Other Gases,1557719.0,15680659.0
ND_12199_2790_Natural Gas and Other Gases,6249.0,127258.0
ND_12199_2790_Coal,491713.0,6672867.0
ND_12199_2790_All Other Energy Sources,9709.0,132288.0
OH_61412_2828_Coal,10019137.0,98548381.0
OH_61412_2828_Petroleum Products,47806.0,472922.0
OH_59919_2832_Petroleum Products,12391.0,131411.0
OH_59919_2832_Coal,6764104.0,69854826.0
OK_14063_2951_Natural Gas and Other Gases,766501.0,8881684.0
OK_14063_2952_Natural Gas and Other Gases,614548.0,6879892.0
OK_14063_2952_Coal,2736362.0,30419688.0
OK_14063_2956_Natural Gas and Other Gases,1359814.0,15766902.0
OK_15474_2963_Natural Gas and Other Gases,1763201.0,20933900.0
OK_15474_2963_Petroleum Products,8.0,87.0
OK_15474_2963_Coal,2296843.0,24257461.0
OK_15474_2964_Natural Gas and Other Gases,633379.0,7748007.0
OK_15474_2965_Petroleum Products,82.0,1153.0
OK_15474_2965_Natural Gas and Other Gases,171364.0,2428391.0
OK_20447_3006_Natural Gas and Other Gases,433604.0,4749177.0
OK_20447_3008_Natural Gas and Other Gases,53198.0,751648.0
PA_63032_3096_Natural Gas and Other Gases,23602.0,318110.0
PA_63047_3118_Petroleum Products,193.0,1969.0
PA_63047_3118_Coal,7238785.0,73989780.0
PA_63047_3118_Natural Gas and Other Gases,24186.0,257389.0
PA_58615_3122_Coal,4403331.0,47762708.0
PA_58615_3122_Petroleum Products,33305.0,377794.0
PA_61781_3130_Petroleum Products,8080.0,89398.0
PA_61781_3130_Coal,2850652.0,31291921.0
PA_63044_3131_Petroleum Products,95.0,1023.0
PA_63044_3131_Natural Gas and Other Gases,634878.0,7376132.0
PA_63047_3136_Petroleum Products,1618.0,16184.0
PA_63047_3136_Coal,7414071.0,77696966.0
PA_15537_3140_Coal,1920018.0,21404265.0
PA_15537_3140_Petroleum Products,1283.0,14681.0
PA_15537_3140_Natural Gas and Other Gases,597235.0,7068730.0
PA_15276_3148_Natural Gas and Other Gases,354174.0,4797358.0
PA_15276_3148_Petroleum Products,1590.0,21339.0
PA_15534_3149_Coal,1248538.0,13217807.0
PA_15534_3149_Petroleum Products,11797.0,130044.0
PA_6035_3161_Petroleum Products,1867.0,45986.0
PA_6035_3161_Natural Gas and Other Gases,14606.0,248095.0
PA_55951_3166_Nuclear,22268244.0,232238035.0
SC_17539_3297_Coal,1501007.0,15652391.0
SC_17539_3297_Petroleum Products,7642.0,80485.0
SC_17554_3298_Petroleum Products,3416.0,33836.0
SC_17554_3298_Natural Gas and Other Gases,3965.0,31459.0
SC_17554_3298_Coal,2426865.0,24054233.0
TN_18642_3393_Natural Gas and Other Gases,4119963.0,27415574.0
TN_18642_3396_Coal,812430.0,8969088.0
TN_18642_3396_Petroleum Products,5330.0,306187.0
TN_18642_3405_Natural Gas and Other Gases,4015831.0,28651863.0
TN_18642_3406_Petroleum Products,4294.0,56831.0
TN_18642_3406_Natural Gas and Other Gases,738932.0,9725273.0
TX_60638_3443_Natural Gas and Other Gases,734385.0,5982468.0
TX_55983_3452_Petroleum Products,48.0,609.0
TX_55983_3452_Natural Gas and Other Gases,336079.0,4173988.0
TX_5701_3456_Natural Gas and Other Gases,2173056.0,29461909.0
TX_55937_3457_Natural Gas and Other Gases,1298768.0,15024803.0
TX_55937_3459_Petroleum Products,9.0,120.0
TX_55937_3459_Natural Gas and Other Gases,3290384.0,41042035.0
TX_54888_3460_Natural Gas and Other Gases,2765884.0,32215213.0
TX_54888_3469_Natural Gas and Other Gases,1201466.0,15611189.0
TX_17698_3476_Natural Gas and Other Gases,185165.0,2226192.0
TX_17698_3478_Petroleum Products,7.0,76.0
TX_17698_3478_Natural Gas and Other Gases,885565.0,10180896.0
TX_17718_3482_Natural Gas and Other Gases,1185722.0,13220471.0
TX_17718_3482_Petroleum Products,8532.0,90369.0
TX_17718_3484_Natural Gas and Other Gases,582238.0,7258808.0
TX_17718_3485_Petroleum Products,7513.0,84000.0
TX_17718_3485_Natural Gas and Other Gases,334300.0,3893660.0
TX_55983_3490_Natural Gas and Other Gases,279338.0,3346874.0
TX_6035_3491_Natural Gas and Other Gases,1085581.0,14213139.0
TX_55983_3504_Petroleum Products,39.0,563.0
TX_55983_3504_Natural Gas and Other Gases,307916.0,3914181.0
TX_55983_3507_Petroleum Products,11.0,941.0
TX_55983_3507_Natural Gas and Other Gases,112022.0,1367599.0
TX_1015_3548_Natural Gas and Other Gases,672461.0,8367144.0
TX_6958_3576_Natural Gas and Other Gases,65840.0,897431.0
TX_16604_3611_Natural Gas and Other Gases,1166289.0,13867163.0
TX_16604_3612_Petroleum Products,7314.0,76770.0
TX_16604_3612_Natural Gas and Other Gases,921401.0,10555886.0
TX_2172_3628_Petroleum Products,32335.0,381653.0
TX_2172_3628_Natural Gas and Other Gases,224306.0,2805250.0
UT_14354_3648_Natural Gas and Other Gases,83008.0,1545530.0
VA_733_3775_Natural Gas and Other Gases,133136.0,1622650.0
VA_19876_3804_Petroleum Products,3328.0,31826.0
VA_19876_3804_Natural Gas and Other Gases,2313606.0,16700063.0
WA_19099_3845_Petroleum Products,6826.0,81228.0
WA_19099_3845_Coal,3107489.0,35464896.0
WV_733_3935_Coal,11956892.0,117926491.0
WV_733_3935_Petroleum Products,54219.0,541225.0
WV_12796_3943_Coal,5188394.0,56676225.0
WV_12796_3943_Petroleum Products,20104.0,219921.0
WV_12796_3944_Natural Gas and Other Gases,18041.0,181237.0
WV_12796_3944_Coal,11476110.0,115535231.0
WV_22053_3948_Coal,4727065.0,49656162.0
WV_22053_3948_Petroleum Products,42039.0,449527.0
WI_20860_4078_Natural Gas and Other Gases,38442.0,434463.0
WI_20860_4078_Coal,4728402.0,46037993.0
WY_14354_4158_Petroleum Products,10069.0,115764.0
WY_14354_4158_Coal,3591173.0,41203339.0
WY_14354_4162_Natural Gas and Other Gases,388781.0,4373726.0
WY_14354_4162_Coal,2207665.0,24288445.0
TX_6958_4266_Natural Gas and Other Gases,7025.0,115883.0
OK_15474_4940_Natural Gas and Other Gases,280510.0,3451952.0
AL_195_6001_Nuclear,14982937.0,156258742.0
AL_195_6002_Natural Gas and Other Gases,276913.0,2779139.0
AL_195_6002_Coal,20252052.0,202298064.0
WV_64226_6004_Coal,7559814.0,78993513.0
WV_64226_6004_Natural Gas and Other Gases,22957.0,240252.0
AZ_803_6008_Nuclear,31629862.0,329871405.0
AR_814_6009_Petroleum Products,20139.0,200931.0
AR_814_6009_Coal,7040119.0,68142374.0
NC_3046_6015_Nuclear,7986733.0,83294540.0
KY_55729_6018_Coal,2532681.0,27952999.0
KY_55729_6018_Petroleum Products,9992.0,117913.0
OH_59920_6019_Coal,4540325.0,45766160.0
OH_59920_6019_Natural Gas and Other Gases,34919.0,523343.0
OH_64225_6020_Nuclear,9703868.0,101202736.0
CO_30151_6021_Coal,7260615.0,75693773.0
CO_30151_6021_Petroleum Products,98.0,1025.0
CO_30151_6021_Natural Gas and Other Gases,23127.0,241641.0
IL_55951_6022_Nuclear,19474347.0,203100167.0
IL_55951_6023_Nuclear,19969652.0,208265757.0
IL_55951_6026_Nuclear,18504745.0,192988078.0
ND_7570_6030_Petroleum Products,4797.0,47624.0
ND_7570_6030_Coal,8966221.0,89139870.0
SC_5416_6036_Nuclear,18585719.0,193885282.0
PA_64225_6040_Nuclear,14381396.0,149985205.0
KY_5580_6041_Coal,8339893.0,83032641.0
KY_5580_6041_Petroleum Products,18605.0,186454.0
KY_5580_6041_All Other Energy Sources,70430.0,702151.0
FL_6452_6042_Natural Gas and Other Gases,6531712.0,69549579.0
FL_6452_6042_Petroleum Products,72771.0,876870.0
FL_6452_6043_Solar,28566.0,252637.0
FL_6452_6043_Petroleum Products,1170.0,13311.0
FL_6452_6043_Natural Gas and Other Gases,6211313.0,70519352.0
GA_7140_6051_Nuclear,14165068.0,147729097.0
GA_7140_6052_Coal,1139575.0,12022632.0
LA_11252_6055_Natural Gas and Other Gases,274309.0,3379234.0
LA_11252_6055_Coal,2419152.0,29159818.0
KS_9996_6064_Petroleum Products,13497.0,191250.0
KS_9996_6064_Natural Gas and Other Gases,46457.0,588535.0
KS_9996_6064_Coal,1266148.0,14126417.0
MO_10000_6065_Petroleum Products,53093.0,514812.0
MO_10000_6065_Coal,7798473.0,74848920.0
KS_22500_6068_Petroleum Products,18345.0,213744.0
KS_22500_6068_Coal,8322061.0,96384620.0
KY_11249_6071_Natural Gas and Other Gases,840865.0,9489543.0
KY_11249_6071_Coal,8220277.0,79350935.0
MS_12465_6072_Nuclear,11772058.0,122772125.0
MS_12686_6073_Natural Gas and Other Gases,8502576.0,59850076.0
MS_12686_6073_Coal,2777879.0,30570074.0
MS_12686_6073_Petroleum Products,5133.0,57155.0
MT_15298_6076_Petroleum Products,7750.0,83572.0
MT_15298_6076_Coal,10002582.0,106990348.0
NE_13337_6077_Natural Gas and Other Gases,32613.0,330767.0
NE_13337_6077_Coal,7040625.0,71101753.0
MA_11806_6081_Petroleum Products,3099.0,41631.0
MA_11806_6081_Natural Gas and Other Gases,36257.0,499596.0
IN_13756_6085_Natural Gas and Other Gases,36892.0,534619.0
IN_13756_6085_Coal,3642019.0,44614560.0
MN_13781_6090_Petroleum Products,17383.0,176958.0
MN_13781_6090_Coal,9184464.0,91645211.0
OK_14063_6095_Petroleum Products,27074.0,300456.0
OK_14063_6095_Coal,3167612.0,35207728.0
NE_14127_6096_Petroleum Products,2935.0,30578.0
NE_14127_6096_Natural Gas and Other Gases,26335.0,273732.0
NE_14127_6096_Coal,6933994.0,71262270.0
SD_14232_6098_Petroleum Products,2205.0,22725.0
SD_14232_6098_Coal,1638390.0,16832545.0
PA_14266_6103_Nuclear,19943546.0,207993495.0
PA_55951_6105_Nuclear,19309328.0,201379165.0
CO_15466_6112_Natural Gas and Other Gases,3090654.0,24867911.0
NJ_15478_6118_Nuclear,9080057.0,94696940.0
IN_17633_6137_Petroleum Products,258.0,3685.0
IN_17633_6137_Natural Gas and Other Gases,69558.0,906415.0
IN_17633_6137_Coal,2681766.0,30030089.0
AR_17698_6138_Petroleum Products,4536.0,48955.0
AR_17698_6138_Coal,2800839.0,30251965.0
TX_17698_6139_Petroleum Products,5450.0,61683.0
TX_17698_6139_Coal,4322699.0,48510475.0
TX_55983_6145_Nuclear,19356253.0,201868551.0
TX_55983_6146_Petroleum Products,15092.0,174551.0
TX_55983_6146_Coal,13164418.0,150390427.0
OH_64225_6149_Nuclear,7779141.0,81129540.0
MO_19436_6153_Nuclear,4292433.0,45075774.0
UT_14354_6165_Coal,9240947.0,94776268.0
UT_14354_6165_Petroleum Products,8016.0,82229.0
IN_9324_6166_Coal,4766243.0,50871464.0
IN_9324_6166_Petroleum Products,35921.0,455982.0
AZ_16572_6177_Petroleum Products,13209.0,155477.0
AZ_16572_6177_Coal,3388989.0,37919605.0
TX_56570_6178_Petroleum Products,5085.0,59039.0
TX_56570_6178_Coal,3407777.0,36152736.0
TX_11269_6179_Petroleum Products,14859.0,160171.0
TX_11269_6179_Coal,10266507.0,109772117.0
TX_55983_6180_Coal,12211634.0,125751966.0
TX_55983_6180_Natural Gas and Other Gases,122500.0,1291868.0
TX_16624_6183_Petroleum Products,3156.0,40945.0
TX_16624_6183_Coal,1899906.0,26089082.0
TX_17718_6193_Natural Gas and Other Gases,32683.0,355455.0
TX_17718_6193_Coal,4848194.0,52152717.0
TX_17718_6194_Natural Gas and Other Gases,31842.0,361347.0
TX_17718_6194_Coal,2460042.0,26283288.0
MO_17833_6195_Natural Gas and Other Gases,106753.0,1348956.0
MO_17833_6195_Coal,2371364.0,24214851.0
WY_1307_6204_Petroleum Products,34710.0,368334.0
WY_1307_6204_Coal,8279841.0,87585991.0
CO_15466_6248_Natural Gas and Other Gases,12147.0,135621.0
CO_15466_6248_Coal,2859375.0,31872682.0
SC_17543_6249_Petroleum Products,9558.0,104877.0
SC_17543_6249_Coal,3074708.0,33559725.0
NC_3046_6250_Coal,1292017.0,16505265.0
NC_3046_6250_Petroleum Products,11150.0,142955.0
TX_21535_6251_Nuclear,20855004.0,217499197.0
IA_9417_6254_Petroleum Products,10022.0,104788.0
IA_9417_6254_Coal,4165464.0,43946386.0
GA_7140_6257_Petroleum Products,15674.0,176144.0
GA_7140_6257_Coal,8323638.0,91845354.0
WV_733_6264_Coal,7116472.0,69031122.0
WV_733_6264_Petroleum Products,16286.0,159646.0
LA_11241_6462_Nuclear,7441875.0,77612155.0
ND_1307_6469_Coal,5215540.0,59662027.0
ND_1307_6469_Natural Gas and Other Gases,33972.0,389416.0
UT_11208_6481_Coal,7561198.0,75331355.0
UT_11208_6481_Petroleum Products,19388.0,193687.0
KY_1692_6639_Coal,2377318.0,26865079.0
KY_1692_6639_Petroleum Products,9646.0,111424.0
AR_814_6641_Petroleum Products,13768.0,147123.0
AR_814_6641_Coal,4100271.0,42808942.0
IA_12341_6664_Petroleum Products,15.0,151.0
IA_12341_6664_Natural Gas and Other Gases,27777.0,293667.0
IA_12341_6664_Coal,4325352.0,45214775.0
CO_15143_6761_Natural Gas and Other Gases,190555.0,2301808.0
CO_15143_6761_Petroleum Products,922.0,9398.0
CO_15143_6761_Coal,1672733.0,17121479.0
MO_17177_6768_Petroleum Products,1391.0,14687.0
MO_17177_6768_Coal,1711636.0,17887575.0
OK_20447_6772_Petroleum Products,4805.0,66613.0
OK_20447_6772_Coal,829515.0,9979275.0
KY_1692_6823_Coal,3041785.0,33090385.0
KY_1692_6823_Petroleum Products,11814.0,129323.0
TX_56598_7030_Coal,2334789.0,27499497.0
TX_56598_7030_Natural Gas and Other Gases,2959.0,34988.0
TX_16604_7097_Natural Gas and Other Gases,93079.0,961102.0
TX_16604_7097_Coal,7235966.0,73213439.0
DE_56609_7153_Petroleum Products,1476.0,18588.0
DE_56609_7153_Natural Gas and Other Gases,802480.0,10458596.0
SC_17539_7210_Coal,687951.0,6889333.0
SC_17539_7210_Petroleum Products,1685.0,17139.0
SC_17539_7210_Natural Gas and Other Gases,905159.0,9184823.0
VA_19876_7213_Coal,888403.0,10073589.0
VA_19876_7213_Petroleum Products,4257.0,49075.0
FL_10376_7238_Natural Gas and Other Gases,3421148.0,24775901.0
MO_5860_7296_Natural Gas and Other Gases,1258423.0,14781889.0
MO_5860_7296_Petroleum Products,16098.0,185080.0
FL_6455_7302_Natural Gas and Other Gases,7293165.0,83577392.0
TX_16604_7512_Natural Gas and Other Gases,2688924.0,19234659.0
MO_924_7604_Natural Gas and Other Gases,848197.0,6344859.0
WA_3660_7605_Natural Gas and Other Gases,1942569.0,14115924.0
AL_17650_7710_Natural Gas and Other Gases,11356994.0,79712971.0
TN_18642_7722_Nuclear,17675595.0,184432952.0
OK_924_7757_Natural Gas and Other Gases,4522255.0,33285784.0
UT_40230_7790_Coal,2912627.0,29555742.0
UT_40230_7790_Petroleum Products,3456.0,35181.0
NC_3046_7805_Natural Gas and Other Gases,8248983.0,64489880.0
NC_3046_7805_Petroleum Products,16879.0,184984.0
NC_17650_7826_Natural Gas and Other Gases,3021998.0,32000026.0
NC_17650_7826_Petroleum Products,590.0,6247.0
SC_17543_7834_Natural Gas and Other Gases,3703772.0,41841963.0
TN_18642_7845_Natural Gas and Other Gases,3012815.0,21768915.0
TN_18642_7845_Petroleum Products,2294.0,27694.0
FL_9617_7846_Natural Gas and Other Gases,4943927.0,34321346.0
FL_9617_7846_Petroleum Products,805.0,8837.0
AL_17650_7897_Natural Gas and Other Gases,4700572.0,33278025.0
TX_1015_7900_Natural Gas and Other Gases,1370225.0,11595656.0
TX_17698_7902_Coal,2677060.0,29807839.0
TX_17698_7902_Natural Gas and Other Gases,12676.0,142429.0
GA_13994_7917_Natural Gas and Other Gases,3176056.0,22153474.0
OR_20169_7931_Natural Gas and Other Gases,1533635.0,10544313.0
GA_13100_7946_Natural Gas and Other Gases,2982211.0,21589742.0
IA_12341_7985_Natural Gas and Other Gases,866768.0,10340239.0
WA_49893_7999_Natural Gas and Other Gases,2166210.0,27423906.0
WI_20856_8023_Petroleum Products,5990.0,62493.0
WI_20856_8023_Coal,5900823.0,62351463.0
IA_9417_8031_Natural Gas and Other Gases,1149991.0,14221261.0
NC_5416_8042_Coal,5856948.0,56474860.0
NC_5416_8042_Natural Gas and Other Gases,3153068.0,32091883.0
AR_814_8055_Nuclear,13555684.0,141373761.0
OK_15474_8059_Natural Gas and Other Gases,130651.0,2065277.0
WY_14354_8066_Petroleum Products,8640.0,94184.0
WY_14354_8066_Coal,10334200.0,111786771.0
AZ_16572_8068_Natural Gas and Other Gases,5053431.0,38980590.0
UT_14354_8069_Coal,6261476.0,63935026.0
UT_14354_8069_Petroleum Products,2182.0,22268.0
OR_15248_8073_Natural Gas and Other Gases,841436.0,8544865.0
OR_15248_8073_Petroleum Products,187.0,918.0
OH_61135_8102_Coal,13776607.0,138950253.0
OH_61135_8102_Petroleum Products,30120.0,314176.0
CO_3989_8219_Natural Gas and Other Gases,3731.0,52541.0
CO_3989_8219_Petroleum Products,2034.0,22248.0
CO_3989_8219_Coal,1156820.0,12340513.0
ND_14232_8222_Petroleum Products,6736.0,78768.0
ND_14232_8222_Coal,2457423.0,28666576.0
AZ_24211_8223_Solar,15984.0,141358.0
AZ_24211_8223_Petroleum Products,25931.0,281017.0
AZ_24211_8223_Coal,8101726.0,86981635.0
NV_17166_8224_Coal,1562466.0,18354856.0
NV_17166_8224_Petroleum Products,5680.0,68187.0
PA_14165_8226_Coal,1353256.0,15750520.0
PA_14165_8226_Natural Gas and Other Gases,26136.0,306397.0
PA_9379_10143_Petroleum Products,3.0,36.0
PA_9379_10143_Coal,643623.0,7594126.0
OK_14063_10671_Coal,1007915.0,12265004.0
OK_14063_10671_Natural Gas and Other Gases,22824.0,286761.0
CO_55307_10682_Natural Gas and Other Gases,141577.0,1597790.0
VA_4425_50658_Solid Renewable  Fuels,688364.0,11732925.0
VA_4425_50658_Natural Gas and Other Gases,4840.0,82384.0
CO_30151_50707_Natural Gas and Other Gases,791930.0,7270827.0
PA_23013_50888_All Other Energy Sources,6871.0,82160.0
PA_23013_50888_Coal,53541.0,642749.0
PA_23013_50888_Solid Renewable  Fuels,199.0,2461.0
PA_23013_50888_Petroleum Products,1444.0,17876.0
VA_1735_54304_Coal,89668.0,959539.0
VA_1735_54304_Petroleum Products,747.0,8092.0
MA_12469_54805_Natural Gas and Other Gases,251761.0,2189721.0
TX_2172_54817_Natural Gas and Other Gases,752663.0,6072991.0
TX_2172_54817_Petroleum Products,7844.0,92339.0
MA_1616_55041_Natural Gas and Other Gases,779620.0,5720847.0
TX_18611_55062_Natural Gas and Other Gases,2587046.0,19031005.0
MS_17568_55063_Natural Gas and Other Gases,3200004.0,23373064.0
TX_7349_55065_Natural Gas and Other Gases,521555.0,6029851.0
ME_4966_55068_Natural Gas and Other Gases,329481.0,4028599.0
MS_3593_55076_Natural Gas and Other Gases,7281.0,90140.0
MS_3593_55076_Coal,2752809.0,31684342.0
MA_12713_55079_Natural Gas and Other Gases,461613.0,5057534.0
TX_7667_55086_Natural Gas and Other Gases,510831.0,6587728.0
MI_4254_55087_Natural Gas and Other Gases,3292690.0,25409495.0
TX_60477_55097_Natural Gas and Other Gases,6130571.0,43281686.0
RI_6832_55107_Natural Gas and Other Gases,3611628.0,25844453.0
TX_2877_55123_Natural Gas and Other Gases,2659512.0,19865292.0
AZ_56090_55124_Natural Gas and Other Gases,3449007.0,24903295.0
CT_12568_55126_Natural Gas and Other Gases,3317637.0,24451157.0
AZ_16572_55129_Natural Gas and Other Gases,1865594.0,13909257.0
IL_57141_55131_Natural Gas and Other Gases,5966561.0,45008831.0
TX_18518_55132_Natural Gas and Other Gases,3267077.0,24222064.0
TX_16604_55137_Natural Gas and Other Gases,4063560.0,28867250.0
TX_313_55139_Natural Gas and Other Gases,2285987.0,16869797.0
TX_1074_55144_Natural Gas and Other Gases,2777158.0,21606653.0
OK_7597_55146_Natural Gas and Other Gases,3332687.0,24394449.0
CA_61173_55151_Natural Gas and Other Gases,1243350.0,9759834.0
TX_57045_55153_Natural Gas and Other Gases,4816753.0,33667681.0
TX_49768_55168_Natural Gas and Other Gases,1857033.0,15040325.0
NH_88_55170_Natural Gas and Other Gases,2068829.0,23766984.0
TX_55899_55172_Natural Gas and Other Gases,4080492.0,28868047.0
LA_3265_55173_Natural Gas and Other Gases,4244316.0,34500081.0
AZ_50157_55177_Natural Gas and Other Gases,2744912.0,21941744.0
MO_54915_55178_Natural Gas and Other Gases,1780648.0,13728415.0
ID_15708_55179_Natural Gas and Other Gases,1822638.0,12834878.0
CA_18320_55182_Natural Gas and Other Gases,2710951.0,19265630.0
IL_49893_55183_Natural Gas and Other Gases,1463760.0,16857622.0
IL_4210_55188_Natural Gas and Other Gases,1433325.0,15391272.0
PA_55649_55193_Natural Gas and Other Gases,2830926.0,30755943.0
MS_18642_55197_Natural Gas and Other Gases,4359957.0,30221672.0
NM_15473_55210_Natural Gas and Other Gases,629136.0,5124320.0
TX_60477_55215_Natural Gas and Other Gases,4273240.0,30160021.0
MS_12685_55218_Natural Gas and Other Gases,3488639.0,24737395.0
MS_12685_55220_Natural Gas and Other Gases,1637400.0,17592134.0
AR_807_55221_Natural Gas and Other Gases,533342.0,5676594.0
TX_5761_55223_Natural Gas and Other Gases,639068.0,7356398.0
OK_2897_55225_Natural Gas and Other Gases,3893485.0,28575127.0
TX_6763_55226_Natural Gas and Other Gases,3710925.0,40866718.0
TX_2172_55230_Natural Gas and Other Gases,3657619.0,26947484.0
PA_27031_55231_Natural Gas and Other Gases,4176256.0,29849598.0
NJ_22131_55239_Natural Gas and Other Gases,1569789.0,17444888.0
MS_18642_55269_Natural Gas and Other Gases,4589289.0,31767043.0
MI_4254_55270_Natural Gas and Other Gases,2140898.0,17814237.0
AL_31386_55271_Natural Gas and Other Gases,1887341.0,14271892.0
AZ_56812_55282_Natural Gas and Other Gases,2378008.0,17487267.0
AL_2929_55292_Natural Gas and Other Gases,1150369.0,13762187.0
ME_2891_55294_Natural Gas and Other Gases,1208270.0,13543397.0
MI_21579_55297_Natural Gas and Other Gases,7045134.0,52213211.0
PA_61786_55298_Natural Gas and Other Gases,7460496.0,53432179.0
AZ_16572_55306_Natural Gas and Other Gases,2551721.0,18587090.0
TX_21668_55320_Natural Gas and Other Gases,2376130.0,17094736.0
OR_7869_55328_Natural Gas and Other Gases,4341072.0,31174312.0
CA_5030_55333_Natural Gas and Other Gases,4465081.0,32700685.0
IL_49974_55334_Natural Gas and Other Gases,1682994.0,12276114.0
PA_61121_55337_Natural Gas and Other Gases,2911772.0,31352867.0
AR_924_55340_Petroleum Products,3238.0,42001.0
AR_924_55340_Natural Gas and Other Gases,1806487.0,22040228.0
NM_15473_55343_Natural Gas and Other Gases,1938646.0,22164433.0
OH_733_55350_Natural Gas and Other Gases,2614011.0,27977796.0
TX_2171_55357_Natural Gas and Other Gases,2753592.0,20849713.0
TX_4405_55358_Natural Gas and Other Gases,5496400.0,40857492.0
IN_13756_55364_Natural Gas and Other Gases,2879354.0,20294600.0
AZ_32790_55372_Natural Gas and Other Gases,1442632.0,16000204.0
AR_814_55380_Natural Gas and Other Gases,6957584.0,81272201.0
GA_13994_55382_Natural Gas and Other Gases,7983357.0,59403648.0
SC_17539_55386_Petroleum Products,178.0,1590.0
SC_17539_55386_Natural Gas and Other Gases,1631859.0,14472387.0
CA_2799_55393_Natural Gas and Other Gases,2335498.0,18192511.0
OH_59922_55397_Natural Gas and Other Gases,4821284.0,34615138.0
GA_13994_55406_Natural Gas and Other Gases,2694606.0,19089828.0
AL_55987_55411_Natural Gas and Other Gases,5147792.0,35933796.0
FL_6455_55412_Natural Gas and Other Gases,2420414.0,17626563.0
AR_814_55418_Natural Gas and Other Gases,2542869.0,18282771.0
VA_18569_55439_Natural Gas and Other Gases,3648718.0,26326518.0
AL_195_55440_Natural Gas and Other Gases,4202153.0,31494948.0
MS_18642_55451_Natural Gas and Other Gases,4180909.0,28835508.0
AZ_803_55455_Natural Gas and Other Gases,3483990.0,38718519.0
OK_14063_55457_Natural Gas and Other Gases,1410252.0,15720760.0
OK_14063_55463_Natural Gas and Other Gases,4308564.0,31632154.0
LA_11241_55467_Natural Gas and Other Gases,1755464.0,20045046.0
TX_60477_55480_Natural Gas and Other Gases,9027722.0,65407239.0
AZ_12363_55481_Natural Gas and Other Gases,3414359.0,24808180.0
WA_15500_55482_Natural Gas and Other Gases,1997686.0,13659518.0
OK_10362_55501_Natural Gas and Other Gases,4209584.0,32124409.0
IN_61137_55502_Natural Gas and Other Gases,7955751.0,57248587.0
OH_61136_55503_Natural Gas and Other Gases,6191450.0,43468371.0
PA_59923_55516_Natural Gas and Other Gases,4987665.0,35291348.0
CA_60431_55518_Natural Gas and Other Gases,3803880.0,28556561.0
PA_56608_55524_Natural Gas and Other Gases,7640283.0,55513555.0
PA_56608_55524_Petroleum Products,5711.0,61912.0
TX_2934_55545_Natural Gas and Other Gases,1538237.0,18302744.0
LA_11241_55620_Natural Gas and Other Gases,2297841.0,16119187.0
WI_20856_55641_Natural Gas and Other Gases,3226607.0,23236474.0
CA_2820_55656_Natural Gas and Other Gases,2792827.0,30150543.0
NH_13538_55661_Natural Gas and Other Gases,1187124.0,8740354.0
NH_13538_55661_Petroleum Products,26608.0,319011.0
TX_13670_55664_Natural Gas and Other Gases,2867642.0,20925885.0
PA_11275_55667_Natural Gas and Other Gases,4264758.0,30328804.0
PA_56607_55690_Petroleum Products,5512.0,68976.0
PA_56607_55690_Natural Gas and Other Gases,2186357.0,28157436.0
MS_18642_55694_Natural Gas and Other Gases,3304355.0,23432220.0
WA_15500_55700_Natural Gas and Other Gases,1796461.0,13170883.0
OH_40577_55701_Natural Gas and Other Gases,3639314.0,26967081.0
TX_1015_55708_Solid Renewable  Fuels,161066.0,2431042.0
PA_61267_55710_Natural Gas and Other Gases,2357412.0,25118634.0
AR_807_55714_Natural Gas and Other Gases,1264693.0,8900467.0
OH_59924_55736_Natural Gas and Other Gases,9510071.0,68236508.0
CA_2860_55748_Natural Gas and Other Gases,303113.0,2563533.0
MT_16233_55749_Natural Gas and Other Gases,2893.0,38853.0
MT_16233_55749_Coal,478781.0,6368330.0
WA_56613_55818_Natural Gas and Other Gases,1289676.0,9155535.0
FL_61903_55821_Natural Gas and Other Gases,2488152.0,17989492.0
CO_15466_55835_Natural Gas and Other Gases,1985744.0,15680212.0
IL_15330_55856_Coal,12662396.0,121222185.0
IL_15330_55856_Natural Gas and Other Gases,23348.0,223615.0
SC_17539_55927_Petroleum Products,679.0,8006.0
SC_17539_55927_Natural Gas and Other Gases,2939810.0,35385349.0
GA_17650_55965_Natural Gas and Other Gases,7730334.0,54112078.0
CA_16534_55970_Natural Gas and Other Gases,2581139.0,26336864.0
CA_16534_55970_Gaseous Renewable (Biomass)  Fuels,38986.0,397078.0
CA_16609_55985_Natural Gas and Other Gases,1835521.0,12937697.0
WI_20860_56031_Natural Gas and Other Gases,4165517.0,28861304.0
CA_2507_56046_Natural Gas and Other Gases,1052998.0,7967796.0
CA_19281_56078_Natural Gas and Other Gases,691462.0,9112548.0
MN_63705_56104_Natural Gas and Other Gases,2871452.0,21268374.0
MN_63705_56104_Petroleum Products,3284.0,36779.0
GA_7140_56150_Natural Gas and Other Gases,8586543.0,60137701.0
MN_12667_56164_Natural Gas and Other Gases,724242.0,5366859.0
MN_12667_56164_Petroleum Products,5385.0,60974.0
NV_49896_56224_Petroleum Products,2333.0,24365.0
NV_49896_56224_Coal,1190008.0,11911606.0
OR_15248_56227_Natural Gas and Other Gases,2918641.0,20388654.0
UT_14354_56237_Natural Gas and Other Gases,4045930.0,46350434.0
TX_56766_56349_Natural Gas and Other Gases,497061.0,4334428.0
TX_56765_56350_Natural Gas and Other Gases,2130917.0,18330055.0
FL_6616_56400_Natural Gas and Other Gases,1839118.0,13347303.0
FL_6452_56407_Petroleum Products,9060.0,98835.0
FL_6452_56407_Natural Gas and Other Gases,13001237.0,141480876.0
AR_58905_56456_Petroleum Products,11891.0,118621.0
AR_58905_56456_Coal,4034328.0,40237121.0
CA_54890_56467_Natural Gas and Other Gases,351315.0,2746063.0
AR_17698_56564_Natural Gas and Other Gases,12465.0,117784.0
AR_17698_56564_Coal,3409130.0,31235433.0
LA_17698_56565_Natural Gas and Other Gases,1800501.0,20453877.0
TX_55861_56611_Coal,5385695.0,51672434.0
WV_55924_56671_Coal,5536801.0,48869871.0
WV_55924_56671_Natural Gas and Other Gases,14997.0,135685.0
ND_7570_56786_Natural Gas and Other Gases,57785.0,480298.0
ND_7570_56786_Coal,114048.0,936134.0
CT_55993_56798_Natural Gas and Other Gases,2412255.0,17282847.0
CT_55993_56798_Petroleum Products,3701.0,45293.0
TX_56020_56806_Natural Gas and Other Gases,1428083.0,16814444.0
VA_19876_56807_Petroleum Products,32963.0,236322.0
VA_19876_56807_Natural Gas and Other Gases,3072526.0,22479448.0
AZ_56023_56812_Solar,694569.0,6142768.0
MD_56031_56846_Natural Gas and Other Gases,3792084.0,26994715.0
NJ_56236_56963_Natural Gas and Other Gases,1485949.0,11202428.0
ID_9191_57028_Natural Gas and Other Gases,1238776.0,13625694.0
MS_12686_57037_Natural Gas and Other Gases,3990988.0,28951736.0
FL_6909_57241_Natural Gas and Other Gases,1562.0,21357.0
FL_6909_57241_Solid Renewable  Fuels,595248.0,7906550.0
NV_56641_57275_Solar,74721.0,660833.0
CA_56660_57331_Solar,587977.0,5200069.0
DE_56691_57349_Natural Gas and Other Gases,1103261.0,7893323.0
DE_56691_57349_Petroleum Products,190.0,2134.0
IN_57109_57794_Natural Gas and Other Gases,4449837.0,30877085.0
NJ_57166_57839_Natural Gas and Other Gases,3658507.0,25391730.0
CA_40613_57978_Natural Gas and Other Gases,1121393.0,12102840.0
TX_57377_58001_Natural Gas and Other Gases,5701081.0,41502957.0
TX_57379_58005_Natural Gas and Other Gases,2299646.0,16669824.0
NJ_57457_58079_Natural Gas and Other Gases,4273117.0,29547705.0
NC_3046_58215_Natural Gas and Other Gases,5475543.0,40206306.0
NC_3046_58215_Petroleum Products,1958.0,18207.0
IA_9417_58236_Natural Gas and Other Gases,1218246.0,14017467.0
OR_15248_58503_Natural Gas and Other Gases,3027317.0,20926085.0
AZ_16572_58557_Natural Gas and Other Gases,2758980.0,20387657.0
NC_3046_58697_Petroleum Products,2029.0,20608.0
NC_3046_58697_Natural Gas and Other Gases,2633544.0,30103783.0
VA_64709_59004_Natural Gas and Other Gases,5060915.0,36001717.0
MD_40229_59220_Natural Gas and Other Gases,3462345.0,24112362.0
NC_59123_59325_Natural Gas and Other Gases,2864570.0,19503510.0
OH_59124_59326_Natural Gas and Other Gases,2685179.0,18425453.0
AZ_16572_59338_Natural Gas and Other Gases,1509680.0,10817302.0
OH_59534_59764_Natural Gas and Other Gases,5993118.0,41403820.0
AZ_16572_59784_Natural Gas and Other Gases,3005488.0,22513022.0
FL_6452_60345_Petroleum Products,3425.0,32691.0
FL_6452_60345_Natural Gas and Other Gases,6130759.0,58367993.0
OH_60131_60356_Natural Gas and Other Gases,2198702.0,13322622.0
PA_60162_60368_Natural Gas and Other Gases,7540537.0,51182884.0
OH_60170_60376_Natural Gas and Other Gases,5966442.0,39244591.0
PA_60249_60464_Natural Gas and Other Gases,7115762.0,46724269.0
PA_60350_60589_Natural Gas and Other Gases,7899201.0,51014574.0
AZ_16572_60768_Natural Gas and Other Gases,3130183.0,22305121.0
LA_11241_60926_Natural Gas and Other Gases,2926301.0,34183634.0
LA_11241_60927_Natural Gas and Other Gases,3289094.0,38010077.0
PA_60659_61028_Natural Gas and Other Gases,6372361.0,42881627.0
PA_60672_61035_Natural Gas and Other Gases,3465083.0,22053028.0
WI_20856_64020_Natural Gas and Other Gases,1257956.0,13362532.0
WI_20856_64020_Solar,175.0,1548.0
